description,category,fabric,neckline,sleeve,length,silhouette,embellishment,color
"Knee Length Satin prom gown with scoop neck, cap sleeve, ruffles in black.",Prom Gown,Satin,Scoop Neck,Cap Sleeve,Knee Length,Fit and Flare,Ruffles,Black
"Tea Length Silk evening gown with scoop neck, strapless, beaded in emerald and royal blue.",Evening Gown,Silk,Scoop Neck,Strapless,Tea Length,A-Line,Beaded,Emerald and Royal Blue
"Knee Length Sequin formal dress with scoop neck, short sleeve, pleated in royal blue.",Formal Dress,Sequin,Scoop Neck,Short Sleeve,Knee Length,Mermaid,Pleated,Royal Blue
"Floor Length Lace cocktail dress with square, sleeveless, ruched in navy.",Cocktail Dress,Lace,Square,Sleeveless,Floor Length,Ball Gown,Ruched,Navy
"Floor Length Lace bridesmaid dress with halter, cap sleeve, pleated in red.",Bridesmaid Dress,Lace,Halter,Cap Sleeve,Floor Length,Mermaid,Pleated,Red
"Tea Length Silk prom gown with square, sleeveless, ruched in dusty blue.",Prom Gown,Silk,Square,Sleeveless,Tea Length,Fit and Flare,Ruched,Dusty Blue
"Mini Organza bridesmaid dress with square, short sleeve, feather trim in dusty blue.",Bridesmaid Dress,Organza,Square,Short Sleeve,Mini,A-Line,Feather Trim,Dusty Blue
"Mini Sequin wedding dress with scoop neck, strapless, embroidery in royal blue.",Wedding Dress,Sequin,Scoop Neck,Strapless,Mini,Fit and Flare,Embroidery,Royal Blue
"Mini Tulle cocktail dress with off shoulder, strapless, beaded in pink.",Cocktail Dress,Tulle,Off Shoulder,Strapless,Mini,Ball Gown,Beaded,Pink
"Mini Velvet evening gown with illusion, sleeveless, pleated in dusty blue.",Evening Gown,Velvet,Illusion,Sleeveless,Mini,Ball Gown,Pleated,Dusty Blue
"Midi Crepe evening gown with sweetheart, long sleeve, beaded in black and navy.",Evening Gown,Crepe,Sweetheart,Long Sleeve,Midi,A-Line,Beaded,Black and Navy
"Knee Length Crepe bridesmaid dress with v neck, sleeveless, ruffles in sage and sage.",Bridesmaid Dress,Crepe,V Neck,Sleeveless,Knee Length,A-Line,Ruffles,Sage and Sage
"Floor Length Crepe evening gown with boat neck, long sleeve, beaded in emerald and white.",Evening Gown,Crepe,Boat Neck,Long Sleeve,Floor Length,Sheath,Beaded,Emerald and White
"Midi Satin formal dress with halter, cap sleeve, sequins in royal blue.",Formal Dress,Satin,Halter,Cap Sleeve,Midi,Fit and Flare,Sequins,Royal Blue
"Floor Length Organza evening gown with square, strapless, feather trim in pink.",Evening Gown,Organza,Square,Strapless,Floor Length,Fit and Flare,Feather Trim,Pink
"Tea Length Silk cocktail dress with scoop neck, strapless, sequins in champagne and red.",Cocktail Dress,Silk,Scoop Neck,Strapless,Tea Length,Empire,Sequins,Champagne and Red
"Midi Velvet evening gown with v neck, long sleeve, ruffles in black.",Evening Gown,Velvet,V Neck,Long Sleeve,Midi,Ball Gown,Ruffles,Black
"Tea Length Chiffon cocktail dress with off shoulder, cap sleeve, embroidery in red.",Cocktail Dress,Chiffon,Off Shoulder,Cap Sleeve,Tea Length,Empire,Embroidery,Red
"Midi Chiffon bridesmaid dress with off shoulder, strapless, feather trim in pink.",Bridesmaid Dress,Chiffon,Off Shoulder,Strapless,Midi,Empire,Feather Trim,Pink
"Mini Chiffon formal dress with off shoulder, long sleeve, beaded in navy and emerald.",Formal Dress,Chiffon,Off Shoulder,Long Sleeve,Mini,Ball Gown,Beaded,Navy and Emerald
"Mini Lace formal dress with off shoulder, strapless, beaded in dusty blue.",Formal Dress,Lace,Off Shoulder,Strapless,Mini,Ball Gown,Beaded,Dusty Blue
"Floor Length Jersey wedding dress with halter, strapless, ruched in dusty blue.",Wedding Dress,Jersey,Halter,Strapless,Floor Length,Ball Gown,Ruched,Dusty Blue
"Tea Length Organza prom gown with one shoulder, sleeveless, lace applique in champagne.",Prom Gown,Organza,One Shoulder,Sleeveless,Tea Length,A-Line,Lace Applique,Champagne
"Tea Length Sequin bridesmaid dress with v neck, short sleeve, feather trim in sage.",Bridesmaid Dress,Sequin,V Neck,Short Sleeve,Tea Length,A-Line,Feather Trim,Sage
"Knee Length Crepe bridesmaid dress with scoop neck, puff sleeve, pleated in black.",Bridesmaid Dress,Crepe,Scoop Neck,Puff Sleeve,Knee Length,Ball Gown,Pleated,Black
"Knee Length Sequin cocktail dress with halter, cap sleeve, feather trim in royal blue and champagne.",Cocktail Dress,Sequin,Halter,Cap Sleeve,Knee Length,Empire,Feather Trim,Royal Blue and Champagne
"Midi Sequin wedding dress with one shoulder, sleeveless, embroidery in navy.",Wedding Dress,Sequin,One Shoulder,Sleeveless,Midi,Mermaid,Embroidery,Navy
"Tea Length Satin formal dress with off shoulder, cap sleeve, ruched in white.",Formal Dress,Satin,Off Shoulder,Cap Sleeve,Tea Length,Empire,Ruched,White
"Mini Silk evening gown with off shoulder, puff sleeve, beaded in white.",Evening Gown,Silk,Off Shoulder,Puff Sleeve,Mini,A-Line,Beaded,White
"Mini Satin cocktail dress with off shoulder, strapless, lace applique in champagne.",Cocktail Dress,Satin,Off Shoulder,Strapless,Mini,Fit and Flare,Lace Applique,Champagne
"Mini Jersey bridesmaid dress with scoop neck, cap sleeve, ruched in dusty blue.",Bridesmaid Dress,Jersey,Scoop Neck,Cap Sleeve,Mini,A-Line,Ruched,Dusty Blue
"Midi Lace formal dress with halter, short sleeve, feather trim in navy.",Formal Dress,Lace,Halter,Short Sleeve,Midi,Fit and Flare,Feather Trim,Navy
"Knee Length Sequin formal dress with illusion, short sleeve, ruched in royal blue.",Formal Dress,Sequin,Illusion,Short Sleeve,Knee Length,Empire,Ruched,Royal Blue
"Midi Jersey formal dress with scoop neck, long sleeve, ruched in black.",Formal Dress,Jersey,Scoop Neck,Long Sleeve,Midi,Mermaid,Ruched,Black
"Floor Length Crepe evening gown with halter, puff sleeve, feather trim in navy.",Evening Gown,Crepe,Halter,Puff Sleeve,Floor Length,Sheath,Feather Trim,Navy
"Tea Length Velvet formal dress with illusion, sleeveless, beaded in champagne.",Formal Dress,Velvet,Illusion,Sleeveless,Tea Length,Empire,Beaded,Champagne
"Mini Velvet prom gown with boat neck, strapless, beaded in navy.",Prom Gown,Velvet,Boat Neck,Strapless,Mini,Sheath,Beaded,Navy
"Mini Jersey prom gown with sweetheart, sleeveless, ruffles in royal blue.",Prom Gown,Jersey,Sweetheart,Sleeveless,Mini,Ball Gown,Ruffles,Royal Blue
"Floor Length Satin formal dress with sweetheart, sleeveless, sequins in red.",Formal Dress,Satin,Sweetheart,Sleeveless,Floor Length,Empire,Sequins,Red
"Knee Length Jersey wedding dress with sweetheart, short sleeve, ruffles in sage.",Wedding Dress,Jersey,Sweetheart,Short Sleeve,Knee Length,A-Line,Ruffles,Sage
"Floor Length Chiffon cocktail dress with square, cap sleeve, ruffles in white and royal blue.",Cocktail Dress,Chiffon,Square,Cap Sleeve,Floor Length,A-Line,Ruffles,White and Royal Blue
"Mini Satin wedding dress with v neck, sleeveless, lace applique in champagne.",Wedding Dress,Satin,V Neck,Sleeveless,Mini,Fit and Flare,Lace Applique,Champagne
"Midi Satin formal dress with boat neck, strapless, lace applique in black.",Formal Dress,Satin,Boat Neck,Strapless,Midi,Ball Gown,Lace Applique,Black
"Mini Chiffon formal dress with off shoulder, sleeveless, feather trim in white.",Formal Dress,Chiffon,Off Shoulder,Sleeveless,Mini,Sheath,Feather Trim,White
"Tea Length Sequin wedding dress with halter, sleeveless, ruched in emerald.",Wedding Dress,Sequin,Halter,Sleeveless,Tea Length,Ball Gown,Ruched,Emerald
"Midi Organza bridesmaid dress with sweetheart, cap sleeve, pleated in red and sage.",Bridesmaid Dress,Organza,Sweetheart,Cap Sleeve,Midi,Sheath,Pleated,Red and Sage
"Mini Tulle prom gown with scoop neck, strapless, ruched in sage.",Prom Gown,Tulle,Scoop Neck,Strapless,Mini,Mermaid,Ruched,Sage
"Tea Length Organza cocktail dress with boat neck, strapless, beaded in red.",Cocktail Dress,Organza,Boat Neck,Strapless,Tea Length,Mermaid,Beaded,Red
"Midi Chiffon wedding dress with scoop neck, sleeveless, embroidery in navy.",Wedding Dress,Chiffon,Scoop Neck,Sleeveless,Midi,Mermaid,Embroidery,Navy
"Mini Sequin cocktail dress with sweetheart, sleeveless, beaded in sage and champagne.",Cocktail Dress,Sequin,Sweetheart,Sleeveless,Mini,A-Line,Beaded,Sage and Champagne
"Floor Length Organza bridesmaid dress with v neck, strapless, pleated in black.",Bridesmaid Dress,Organza,V Neck,Strapless,Floor Length,Sheath,Pleated,Black
"Tea Length Velvet prom gown with square, cap sleeve, sequins in white.",Prom Gown,Velvet,Square,Cap Sleeve,Tea Length,Empire,Sequins,White
"Midi Crepe cocktail dress with square, long sleeve, sequins in champagne.",Cocktail Dress,Crepe,Square,Long Sleeve,Midi,Empire,Sequins,Champagne
"Floor Length Sequin evening gown with scoop neck, strapless, embroidery in champagne.",Evening Gown,Sequin,Scoop Neck,Strapless,Floor Length,A-Line,Embroidery,Champagne
"Tea Length Crepe wedding dress with halter, long sleeve, sequins in navy.",Wedding Dress,Crepe,Halter,Long Sleeve,Tea Length,Ball Gown,Sequins,Navy
"Mini Satin wedding dress with square, puff sleeve, beaded in pink.",Wedding Dress,Satin,Square,Puff Sleeve,Mini,Ball Gown,Beaded,Pink
"Midi Crepe prom gown with sweetheart, long sleeve, ruched in navy.",Prom Gown,Crepe,Sweetheart,Long Sleeve,Midi,Sheath,Ruched,Navy
"Midi Organza evening gown with illusion, puff sleeve, sequins in sage and champagne.",Evening Gown,Organza,Illusion,Puff Sleeve,Midi,Empire,Sequins,Sage and Champagne
"Tea Length Sequin formal dress with off shoulder, long sleeve, ruffles in pink and dusty blue.",Formal Dress,Sequin,Off Shoulder,Long Sleeve,Tea Length,Mermaid,Ruffles,Pink and Dusty Blue
"Mini Chiffon bridesmaid dress with one shoulder, strapless, sequins in dusty blue.",Bridesmaid Dress,Chiffon,One Shoulder,Strapless,Mini,Sheath,Sequins,Dusty Blue
"Floor Length Silk evening gown with halter, strapless, ruched in sage.",Evening Gown,Silk,Halter,Strapless,Floor Length,A-Line,Ruched,Sage
"Midi Crepe evening gown with v neck, sleeveless, embroidery in royal blue and royal blue.",Evening Gown,Crepe,V Neck,Sleeveless,Midi,Empire,Embroidery,Royal Blue and Royal Blue
"Floor Length Lace formal dress with sweetheart, sleeveless, embroidery in navy.",Formal Dress,Lace,Sweetheart,Sleeveless,Floor Length,Sheath,Embroidery,Navy
"Midi Crepe prom gown with scoop neck, long sleeve, embroidery in black and champagne.",Prom Gown,Crepe,Scoop Neck,Long Sleeve,Midi,Fit and Flare,Embroidery,Black and Champagne
"Midi Lace evening gown with boat neck, strapless, pleated in pink.",Evening Gown,Lace,Boat Neck,Strapless,Midi,Empire,Pleated,Pink
"Tea Length Chiffon wedding dress with scoop neck, puff sleeve, pleated in black.",Wedding Dress,Chiffon,Scoop Neck,Puff Sleeve,Tea Length,Sheath,Pleated,Black
"Knee Length Satin evening gown with boat neck, sleeveless, sequins in champagne.",Evening Gown,Satin,Boat Neck,Sleeveless,Knee Length,Ball Gown,Sequins,Champagne
"Floor Length Jersey prom gown with scoop neck, short sleeve, ruffles in black.",Prom Gown,Jersey,Scoop Neck,Short Sleeve,Floor Length,Ball Gown,Ruffles,Black
"Floor Length Satin formal dress with boat neck, strapless, beaded in pink.",Formal Dress,Satin,Boat Neck,Strapless,Floor Length,Ball Gown,Beaded,Pink
"Floor Length Sequin cocktail dress with boat neck, sleeveless, feather trim in pink.",Cocktail Dress,Sequin,Boat Neck,Sleeveless,Floor Length,Ball Gown,Feather Trim,Pink
"Knee Length Satin prom gown with off shoulder, puff sleeve, lace applique in emerald.",Prom Gown,Satin,Off Shoulder,Puff Sleeve,Knee Length,Mermaid,Lace Applique,Emerald
"Floor Length Lace wedding dress with halter, strapless, beaded in champagne.",Wedding Dress,Lace,Halter,Strapless,Floor Length,Empire,Beaded,Champagne
"Midi Chiffon prom gown with boat neck, sleeveless, embroidery in black.",Prom Gown,Chiffon,Boat Neck,Sleeveless,Midi,Mermaid,Embroidery,Black
"Mini Sequin bridesmaid dress with one shoulder, strapless, feather trim in black.",Bridesmaid Dress,Sequin,One Shoulder,Strapless,Mini,Sheath,Feather Trim,Black
"Knee Length Organza prom gown with boat neck, short sleeve, ruffles in white and sage.",Prom Gown,Organza,Boat Neck,Short Sleeve,Knee Length,Empire,Ruffles,White and Sage
"Midi Lace bridesmaid dress with one shoulder, strapless, ruched in black.",Bridesmaid Dress,Lace,One Shoulder,Strapless,Midi,Fit and Flare,Ruched,Black
"Floor Length Silk evening gown with illusion, puff sleeve, ruched in pink.",Evening Gown,Silk,Illusion,Puff Sleeve,Floor Length,Sheath,Ruched,Pink
"Floor Length Satin bridesmaid dress with one shoulder, long sleeve, pleated in pink and dusty blue.",Bridesmaid Dress,Satin,One Shoulder,Long Sleeve,Floor Length,Ball Gown,Pleated,Pink and Dusty Blue
"Midi Organza evening gown with halter, short sleeve, feather trim in pink.",Evening Gown,Organza,Halter,Short Sleeve,Midi,Fit and Flare,Feather Trim,Pink
"Midi Lace bridesmaid dress with one shoulder, cap sleeve, beaded in red.",Bridesmaid Dress,Lace,One Shoulder,Cap Sleeve,Midi,A-Line,Beaded,Red
"Floor Length Silk cocktail dress with sweetheart, sleeveless, lace applique in navy.",Cocktail Dress,Silk,Sweetheart,Sleeveless,Floor Length,Fit and Flare,Lace Applique,Navy
"Mini Crepe evening gown with one shoulder, strapless, lace applique in sage.",Evening Gown,Crepe,One Shoulder,Strapless,Mini,Empire,Lace Applique,Sage
"Mini Organza bridesmaid dress with v neck, long sleeve, ruffles in white and navy.",Bridesmaid Dress,Organza,V Neck,Long Sleeve,Mini,Fit and Flare,Ruffles,White and Navy
"Floor Length Sequin evening gown with sweetheart, short sleeve, beaded in royal blue.",Evening Gown,Sequin,Sweetheart,Short Sleeve,Floor Length,A-Line,Beaded,Royal Blue
"Floor Length Lace wedding dress with square, sleeveless, beaded in royal blue.",Wedding Dress,Lace,Square,Sleeveless,Floor Length,A-Line,Beaded,Royal Blue
"Floor Length Sequin formal dress with boat neck, long sleeve, embroidery in black.",Formal Dress,Sequin,Boat Neck,Long Sleeve,Floor Length,Sheath,Embroidery,Black
"Floor Length Crepe wedding dress with off shoulder, long sleeve, feather trim in red.",Wedding Dress,Crepe,Off Shoulder,Long Sleeve,Floor Length,Mermaid,Feather Trim,Red
"Tea Length Tulle bridesmaid dress with halter, long sleeve, ruffles in red.",Bridesmaid Dress,Tulle,Halter,Long Sleeve,Tea Length,Mermaid,Ruffles,Red
"Tea Length Silk evening gown with illusion, strapless, pleated in sage and black.",Evening Gown,Silk,Illusion,Strapless,Tea Length,Empire,Pleated,Sage and Black
"Floor Length Lace wedding dress with sweetheart, cap sleeve, sequins in sage.",Wedding Dress,Lace,Sweetheart,Cap Sleeve,Floor Length,A-Line,Sequins,Sage
"Knee Length Lace evening gown with halter, short sleeve, ruffles in emerald.",Evening Gown,Lace,Halter,Short Sleeve,Knee Length,Empire,Ruffles,Emerald
"Tea Length Sequin prom gown with v neck, sleeveless, pleated in champagne.",Prom Gown,Sequin,V Neck,Sleeveless,Tea Length,A-Line,Pleated,Champagne
"Midi Organza wedding dress with illusion, short sleeve, pleated in pink.",Wedding Dress,Organza,Illusion,Short Sleeve,Midi,Fit and Flare,Pleated,Pink
"Floor Length Crepe wedding dress with illusion, strapless, ruched in emerald.",Wedding Dress,Crepe,Illusion,Strapless,Floor Length,Ball Gown,Ruched,Emerald
"Midi Chiffon formal dress with scoop neck, puff sleeve, ruched in royal blue.",Formal Dress,Chiffon,Scoop Neck,Puff Sleeve,Midi,Empire,Ruched,Royal Blue
"Mini Jersey bridesmaid dress with scoop neck, strapless, beaded in pink.",Bridesmaid Dress,Jersey,Scoop Neck,Strapless,Mini,A-Line,Beaded,Pink
"Mini Tulle bridesmaid dress with illusion, puff sleeve, pleated in sage and sage.",Bridesmaid Dress,Tulle,Illusion,Puff Sleeve,Mini,Fit and Flare,Pleated,Sage and Sage
"Tea Length Crepe evening gown with off shoulder, long sleeve, beaded in dusty blue and dusty blue.",Evening Gown,Crepe,Off Shoulder,Long Sleeve,Tea Length,A-Line,Beaded,Dusty Blue and Dusty Blue
"Floor Length Satin prom gown with one shoulder, puff sleeve, ruffles in red.",Prom Gown,Satin,One Shoulder,Puff Sleeve,Floor Length,Empire,Ruffles,Red
"Mini Velvet prom gown with v neck, cap sleeve, pleated in royal blue and sage.",Prom Gown,Velvet,V Neck,Cap Sleeve,Mini,Ball Gown,Pleated,Royal Blue and Sage
"Midi Tulle wedding dress with halter, short sleeve, feather trim in champagne.",Wedding Dress,Tulle,Halter,Short Sleeve,Midi,Fit and Flare,Feather Trim,Champagne
"Midi Tulle bridesmaid dress with illusion, strapless, embroidery in white.",Bridesmaid Dress,Tulle,Illusion,Strapless,Midi,Empire,Embroidery,White
"Mini Organza wedding dress with off shoulder, long sleeve, pleated in white and pink.",Wedding Dress,Organza,Off Shoulder,Long Sleeve,Mini,Ball Gown,Pleated,White and Pink
"Floor Length Chiffon cocktail dress with sweetheart, short sleeve, feather trim in champagne.",Cocktail Dress,Chiffon,Sweetheart,Short Sleeve,Floor Length,A-Line,Feather Trim,Champagne
"Floor Length Silk cocktail dress with square, strapless, ruched in royal blue and navy.",Cocktail Dress,Silk,Square,Strapless,Floor Length,Fit and Flare,Ruched,Royal Blue and Navy
"Knee Length Crepe cocktail dress with boat neck, sleeveless, beaded in dusty blue and emerald.",Cocktail Dress,Crepe,Boat Neck,Sleeveless,Knee Length,Fit and Flare,Beaded,Dusty Blue and Emerald
"Mini Tulle evening gown with off shoulder, puff sleeve, beaded in white.",Evening Gown,Tulle,Off Shoulder,Puff Sleeve,Mini,Ball Gown,Beaded,White
"Knee Length Satin formal dress with sweetheart, long sleeve, embroidery in emerald and red.",Formal Dress,Satin,Sweetheart,Long Sleeve,Knee Length,Sheath,Embroidery,Emerald and Red
"Midi Jersey prom gown with scoop neck, puff sleeve, ruffles in pink and emerald.",Prom Gown,Jersey,Scoop Neck,Puff Sleeve,Midi,A-Line,Ruffles,Pink and Emerald
"Midi Silk wedding dress with v neck, strapless, lace applique in dusty blue.",Wedding Dress,Silk,V Neck,Strapless,Midi,Ball Gown,Lace Applique,Dusty Blue
"Midi Tulle cocktail dress with halter, short sleeve, lace applique in emerald.",Cocktail Dress,Tulle,Halter,Short Sleeve,Midi,Ball Gown,Lace Applique,Emerald
"Mini Lace bridesmaid dress with boat neck, puff sleeve, embroidery in champagne and white.",Bridesmaid Dress,Lace,Boat Neck,Puff Sleeve,Mini,Sheath,Embroidery,Champagne and White
"Knee Length Sequin cocktail dress with scoop neck, strapless, ruched in red.",Cocktail Dress,Sequin,Scoop Neck,Strapless,Knee Length,Fit and Flare,Ruched,Red
"Floor Length Chiffon wedding dress with off shoulder, puff sleeve, sequins in emerald.",Wedding Dress,Chiffon,Off Shoulder,Puff Sleeve,Floor Length,A-Line,Sequins,Emerald
"Mini Chiffon evening gown with boat neck, sleeveless, feather trim in dusty blue.",Evening Gown,Chiffon,Boat Neck,Sleeveless,Mini,Fit and Flare,Feather Trim,Dusty Blue
"Mini Lace evening gown with boat neck, strapless, beaded in red.",Evening Gown,Lace,Boat Neck,Strapless,Mini,Fit and Flare,Beaded,Red
"Midi Silk formal dress with halter, cap sleeve, beaded in champagne and sage.",Formal Dress,Silk,Halter,Cap Sleeve,Midi,A-Line,Beaded,Champagne and Sage
"Midi Sequin bridesmaid dress with off shoulder, long sleeve, ruched in pink and pink.",Bridesmaid Dress,Sequin,Off Shoulder,Long Sleeve,Midi,Ball Gown,Ruched,Pink and Pink
"Midi Sequin wedding dress with halter, puff sleeve, feather trim in champagne.",Wedding Dress,Sequin,Halter,Puff Sleeve,Midi,Mermaid,Feather Trim,Champagne
"Knee Length Chiffon prom gown with halter, long sleeve, feather trim in emerald.",Prom Gown,Chiffon,Halter,Long Sleeve,Knee Length,Ball Gown,Feather Trim,Emerald
"Midi Chiffon prom gown with halter, strapless, beaded in champagne.",Prom Gown,Chiffon,Halter,Strapless,Midi,Empire,Beaded,Champagne
"Floor Length Sequin prom gown with v neck, puff sleeve, feather trim in emerald and royal blue.",Prom Gown,Sequin,V Neck,Puff Sleeve,Floor Length,Fit and Flare,Feather Trim,Emerald and Royal Blue
"Midi Velvet prom gown with v neck, cap sleeve, embroidery in pink and white.",Prom Gown,Velvet,V Neck,Cap Sleeve,Midi,Mermaid,Embroidery,Pink and White
"Knee Length Velvet formal dress with square, puff sleeve, ruched in red.",Formal Dress,Velvet,Square,Puff Sleeve,Knee Length,Ball Gown,Ruched,Red
"Mini Velvet formal dress with scoop neck, puff sleeve, ruffles in dusty blue.",Formal Dress,Velvet,Scoop Neck,Puff Sleeve,Mini,Ball Gown,Ruffles,Dusty Blue
"Mini Satin cocktail dress with sweetheart, puff sleeve, pleated in champagne.",Cocktail Dress,Satin,Sweetheart,Puff Sleeve,Mini,Fit and Flare,Pleated,Champagne
"Midi Organza evening gown with halter, cap sleeve, beaded in dusty blue and red.",Evening Gown,Organza,Halter,Cap Sleeve,Midi,Fit and Flare,Beaded,Dusty Blue and Red
"Tea Length Tulle prom gown with off shoulder, puff sleeve, embroidery in dusty blue and pink.",Prom Gown,Tulle,Off Shoulder,Puff Sleeve,Tea Length,Mermaid,Embroidery,Dusty Blue and Pink
"Tea Length Satin prom gown with halter, strapless, beaded in black and royal blue.",Prom Gown,Satin,Halter,Strapless,Tea Length,A-Line,Beaded,Black and Royal Blue
"Knee Length Organza bridesmaid dress with one shoulder, long sleeve, feather trim in navy and sage.",Bridesmaid Dress,Organza,One Shoulder,Long Sleeve,Knee Length,Fit and Flare,Feather Trim,Navy and Sage
"Tea Length Satin cocktail dress with scoop neck, sleeveless, beaded in white and red.",Cocktail Dress,Satin,Scoop Neck,Sleeveless,Tea Length,A-Line,Beaded,White and Red
"Mini Satin bridesmaid dress with off shoulder, long sleeve, pleated in white.",Bridesmaid Dress,Satin,Off Shoulder,Long Sleeve,Mini,Mermaid,Pleated,White
"Mini Satin prom gown with scoop neck, sleeveless, feather trim in dusty blue.",Prom Gown,Satin,Scoop Neck,Sleeveless,Mini,A-Line,Feather Trim,Dusty Blue
"Mini Silk bridesmaid dress with scoop neck, strapless, sequins in champagne.",Bridesmaid Dress,Silk,Scoop Neck,Strapless,Mini,Fit and Flare,Sequins,Champagne
"Knee Length Lace wedding dress with v neck, strapless, beaded in sage.",Wedding Dress,Lace,V Neck,Strapless,Knee Length,Fit and Flare,Beaded,Sage
"Mini Silk bridesmaid dress with square, puff sleeve, sequins in white and white.",Bridesmaid Dress,Silk,Square,Puff Sleeve,Mini,Fit and Flare,Sequins,White and White
"Tea Length Sequin bridesmaid dress with scoop neck, puff sleeve, feather trim in emerald and champagne.",Bridesmaid Dress,Sequin,Scoop Neck,Puff Sleeve,Tea Length,Mermaid,Feather Trim,Emerald and Champagne
"Mini Chiffon bridesmaid dress with one shoulder, sleeveless, sequins in white.",Bridesmaid Dress,Chiffon,One Shoulder,Sleeveless,Mini,Sheath,Sequins,White
"Mini Crepe evening gown with scoop neck, short sleeve, embroidery in sage.",Evening Gown,Crepe,Scoop Neck,Short Sleeve,Mini,Empire,Embroidery,Sage
"Knee Length Silk wedding dress with illusion, cap sleeve, pleated in emerald and navy.",Wedding Dress,Silk,Illusion,Cap Sleeve,Knee Length,Mermaid,Pleated,Emerald and Navy
"Knee Length Chiffon evening gown with sweetheart, cap sleeve, feather trim in navy.",Evening Gown,Chiffon,Sweetheart,Cap Sleeve,Knee Length,Ball Gown,Feather Trim,Navy
"Mini Satin prom gown with square, long sleeve, lace applique in red.",Prom Gown,Satin,Square,Long Sleeve,Mini,Fit and Flare,Lace Applique,Red
"Floor Length Jersey prom gown with sweetheart, cap sleeve, pleated in black and navy.",Prom Gown,Jersey,Sweetheart,Cap Sleeve,Floor Length,Mermaid,Pleated,Black and Navy
"Floor Length Organza prom gown with sweetheart, sleeveless, pleated in emerald.",Prom Gown,Organza,Sweetheart,Sleeveless,Floor Length,Ball Gown,Pleated,Emerald
"Tea Length Lace prom gown with boat neck, strapless, embroidery in royal blue.",Prom Gown,Lace,Boat Neck,Strapless,Tea Length,Ball Gown,Embroidery,Royal Blue
"Floor Length Lace bridesmaid dress with v neck, strapless, lace applique in red and pink.",Bridesmaid Dress,Lace,V Neck,Strapless,Floor Length,Sheath,Lace Applique,Red and Pink
"Floor Length Sequin formal dress with halter, cap sleeve, lace applique in emerald.",Formal Dress,Sequin,Halter,Cap Sleeve,Floor Length,Empire,Lace Applique,Emerald
"Knee Length Organza bridesmaid dress with v neck, short sleeve, ruffles in sage.",Bridesmaid Dress,Organza,V Neck,Short Sleeve,Knee Length,A-Line,Ruffles,Sage
"Tea Length Sequin formal dress with v neck, long sleeve, beaded in red.",Formal Dress,Sequin,V Neck,Long Sleeve,Tea Length,A-Line,Beaded,Red
"Floor Length Organza wedding dress with scoop neck, short sleeve, pleated in champagne.",Wedding Dress,Organza,Scoop Neck,Short Sleeve,Floor Length,Mermaid,Pleated,Champagne
"Tea Length Tulle formal dress with off shoulder, cap sleeve, embroidery in red.",Formal Dress,Tulle,Off Shoulder,Cap Sleeve,Tea Length,Empire,Embroidery,Red
"Knee Length Lace bridesmaid dress with halter, strapless, feather trim in emerald.",Bridesmaid Dress,Lace,Halter,Strapless,Knee Length,A-Line,Feather Trim,Emerald
"Tea Length Chiffon wedding dress with scoop neck, short sleeve, beaded in pink and champagne.",Wedding Dress,Chiffon,Scoop Neck,Short Sleeve,Tea Length,Mermaid,Beaded,Pink and Champagne
"Midi Jersey formal dress with illusion, short sleeve, ruffles in pink.",Formal Dress,Jersey,Illusion,Short Sleeve,Midi,Sheath,Ruffles,Pink
"Mini Jersey wedding dress with one shoulder, cap sleeve, ruched in sage.",Wedding Dress,Jersey,One Shoulder,Cap Sleeve,Mini,Ball Gown,Ruched,Sage
"Midi Organza cocktail dress with illusion, sleeveless, ruched in emerald.",Cocktail Dress,Organza,Illusion,Sleeveless,Midi,Empire,Ruched,Emerald
"Knee Length Lace evening gown with scoop neck, cap sleeve, sequins in pink.",Evening Gown,Lace,Scoop Neck,Cap Sleeve,Knee Length,Empire,Sequins,Pink
"Midi Sequin cocktail dress with boat neck, puff sleeve, ruffles in white and pink.",Cocktail Dress,Sequin,Boat Neck,Puff Sleeve,Midi,Sheath,Ruffles,White and Pink
"Knee Length Jersey bridesmaid dress with halter, puff sleeve, feather trim in red.",Bridesmaid Dress,Jersey,Halter,Puff Sleeve,Knee Length,Fit and Flare,Feather Trim,Red
"Knee Length Silk prom gown with square, strapless, sequins in royal blue.",Prom Gown,Silk,Square,Strapless,Knee Length,A-Line,Sequins,Royal Blue
"Tea Length Velvet wedding dress with v neck, puff sleeve, embroidery in champagne and red.",Wedding Dress,Velvet,V Neck,Puff Sleeve,Tea Length,Mermaid,Embroidery,Champagne and Red
"Midi Lace wedding dress with off shoulder, long sleeve, ruched in sage.",Wedding Dress,Lace,Off Shoulder,Long Sleeve,Midi,Fit and Flare,Ruched,Sage
"Midi Tulle cocktail dress with off shoulder, puff sleeve, beaded in white.",Cocktail Dress,Tulle,Off Shoulder,Puff Sleeve,Midi,Sheath,Beaded,White
"Tea Length Chiffon formal dress with scoop neck, long sleeve, lace applique in white.",Formal Dress,Chiffon,Scoop Neck,Long Sleeve,Tea Length,Fit and Flare,Lace Applique,White
"Knee Length Velvet formal dress with scoop neck, strapless, beaded in champagne.",Formal Dress,Velvet,Scoop Neck,Strapless,Knee Length,Ball Gown,Beaded,Champagne
"Knee Length Sequin prom gown with halter, long sleeve, beaded in royal blue and white.",Prom Gown,Sequin,Halter,Long Sleeve,Knee Length,Ball Gown,Beaded,Royal Blue and White
"Floor Length Chiffon formal dress with scoop neck, long sleeve, ruched in dusty blue.",Formal Dress,Chiffon,Scoop Neck,Long Sleeve,Floor Length,Ball Gown,Ruched,Dusty Blue
"Tea Length Tulle wedding dress with sweetheart, short sleeve, lace applique in dusty blue.",Wedding Dress,Tulle,Sweetheart,Short Sleeve,Tea Length,Mermaid,Lace Applique,Dusty Blue
"Midi Jersey cocktail dress with halter, cap sleeve, embroidery in pink and sage.",Cocktail Dress,Jersey,Halter,Cap Sleeve,Midi,Fit and Flare,Embroidery,Pink and Sage
"Floor Length Jersey evening gown with sweetheart, long sleeve, lace applique in champagne.",Evening Gown,Jersey,Sweetheart,Long Sleeve,Floor Length,Empire,Lace Applique,Champagne
"Knee Length Crepe bridesmaid dress with v neck, puff sleeve, beaded in royal blue.",Bridesmaid Dress,Crepe,V Neck,Puff Sleeve,Knee Length,A-Line,Beaded,Royal Blue
"Tea Length Satin formal dress with one shoulder, cap sleeve, sequins in dusty blue.",Formal Dress,Satin,One Shoulder,Cap Sleeve,Tea Length,Sheath,Sequins,Dusty Blue
"Knee Length Organza formal dress with v neck, cap sleeve, feather trim in red.",Formal Dress,Organza,V Neck,Cap Sleeve,Knee Length,Mermaid,Feather Trim,Red
"Mini Sequin evening gown with boat neck, long sleeve, ruffles in sage.",Evening Gown,Sequin,Boat Neck,Long Sleeve,Mini,Mermaid,Ruffles,Sage
"Tea Length Satin cocktail dress with square, sleeveless, lace applique in sage.",Cocktail Dress,Satin,Square,Sleeveless,Tea Length,Fit and Flare,Lace Applique,Sage
"Floor Length Sequin wedding dress with one shoulder, sleeveless, beaded in red.",Wedding Dress,Sequin,One Shoulder,Sleeveless,Floor Length,A-Line,Beaded,Red
"Midi Lace evening gown with v neck, strapless, lace applique in black.",Evening Gown,Lace,V Neck,Strapless,Midi,Fit and Flare,Lace Applique,Black
"Floor Length Velvet prom gown with sweetheart, sleeveless, sequins in emerald and dusty blue.",Prom Gown,Velvet,Sweetheart,Sleeveless,Floor Length,Fit and Flare,Sequins,Emerald and Dusty Blue
"Floor Length Satin wedding dress with sweetheart, short sleeve, ruffles in red.",Wedding Dress,Satin,Sweetheart,Short Sleeve,Floor Length,Sheath,Ruffles,Red
"Midi Sequin cocktail dress with square, puff sleeve, sequins in red.",Cocktail Dress,Sequin,Square,Puff Sleeve,Midi,Fit and Flare,Sequins,Red
"Floor Length Tulle bridesmaid dress with sweetheart, long sleeve, lace applique in pink.",Bridesmaid Dress,Tulle,Sweetheart,Long Sleeve,Floor Length,A-Line,Lace Applique,Pink
"Midi Sequin prom gown with boat neck, strapless, ruffles in royal blue.",Prom Gown,Sequin,Boat Neck,Strapless,Midi,A-Line,Ruffles,Royal Blue
"Floor Length Chiffon bridesmaid dress with v neck, sleeveless, feather trim in dusty blue and pink.",Bridesmaid Dress,Chiffon,V Neck,Sleeveless,Floor Length,Fit and Flare,Feather Trim,Dusty Blue and Pink
"Tea Length Organza cocktail dress with illusion, cap sleeve, beaded in dusty blue.",Cocktail Dress,Organza,Illusion,Cap Sleeve,Tea Length,Sheath,Beaded,Dusty Blue
"Mini Chiffon wedding dress with one shoulder, long sleeve, feather trim in sage.",Wedding Dress,Chiffon,One Shoulder,Long Sleeve,Mini,Sheath,Feather Trim,Sage
"Knee Length Crepe cocktail dress with boat neck, strapless, lace applique in sage and black.",Cocktail Dress,Crepe,Boat Neck,Strapless,Knee Length,Ball Gown,Lace Applique,Sage and Black
"Mini Silk wedding dress with scoop neck, cap sleeve, feather trim in royal blue.",Wedding Dress,Silk,Scoop Neck,Cap Sleeve,Mini,Fit and Flare,Feather Trim,Royal Blue
"Midi Jersey bridesmaid dress with illusion, puff sleeve, ruffles in sage and sage.",Bridesmaid Dress,Jersey,Illusion,Puff Sleeve,Midi,Sheath,Ruffles,Sage and Sage
"Tea Length Velvet bridesmaid dress with one shoulder, cap sleeve, beaded in white.",Bridesmaid Dress,Velvet,One Shoulder,Cap Sleeve,Tea Length,Empire,Beaded,White
"Mini Sequin formal dress with one shoulder, puff sleeve, lace applique in navy.",Formal Dress,Sequin,One Shoulder,Puff Sleeve,Mini,Sheath,Lace Applique,Navy
"Knee Length Silk cocktail dress with one shoulder, puff sleeve, beaded in champagne and white.",Cocktail Dress,Silk,One Shoulder,Puff Sleeve,Knee Length,Fit and Flare,Beaded,Champagne and White
"Mini Lace evening gown with scoop neck, long sleeve, feather trim in dusty blue.",Evening Gown,Lace,Scoop Neck,Long Sleeve,Mini,Fit and Flare,Feather Trim,Dusty Blue
"Tea Length Tulle prom gown with boat neck, short sleeve, pleated in white and sage.",Prom Gown,Tulle,Boat Neck,Short Sleeve,Tea Length,A-Line,Pleated,White and Sage
"Tea Length Sequin evening gown with sweetheart, sleeveless, sequins in sage.",Evening Gown,Sequin,Sweetheart,Sleeveless,Tea Length,Mermaid,Sequins,Sage
"Midi Silk cocktail dress with square, puff sleeve, pleated in black.",Cocktail Dress,Silk,Square,Puff Sleeve,Midi,Ball Gown,Pleated,Black
"Knee Length Lace cocktail dress with square, sleeveless, embroidery in white and white.",Cocktail Dress,Lace,Square,Sleeveless,Knee Length,Mermaid,Embroidery,White and White
"Tea Length Chiffon evening gown with scoop neck, strapless, embroidery in pink.",Evening Gown,Chiffon,Scoop Neck,Strapless,Tea Length,Sheath,Embroidery,Pink
"Tea Length Silk prom gown with one shoulder, long sleeve, embroidery in white.",Prom Gown,Silk,One Shoulder,Long Sleeve,Tea Length,Fit and Flare,Embroidery,White
"Mini Silk bridesmaid dress with illusion, strapless, ruffles in black and red.",Bridesmaid Dress,Silk,Illusion,Strapless,Mini,Mermaid,Ruffles,Black and Red
"Floor Length Organza prom gown with halter, short sleeve, embroidery in sage.",Prom Gown,Organza,Halter,Short Sleeve,Floor Length,A-Line,Embroidery,Sage
"Knee Length Tulle cocktail dress with one shoulder, sleeveless, lace applique in black.",Cocktail Dress,Tulle,One Shoulder,Sleeveless,Knee Length,Fit and Flare,Lace Applique,Black
"Midi Jersey wedding dress with sweetheart, short sleeve, feather trim in sage.",Wedding Dress,Jersey,Sweetheart,Short Sleeve,Midi,Mermaid,Feather Trim,Sage
"Floor Length Tulle wedding dress with square, puff sleeve, ruffles in sage and sage.",Wedding Dress,Tulle,Square,Puff Sleeve,Floor Length,Ball Gown,Ruffles,Sage and Sage
"Mini Velvet prom gown with off shoulder, strapless, ruffles in royal blue.",Prom Gown,Velvet,Off Shoulder,Strapless,Mini,Fit and Flare,Ruffles,Royal Blue
"Mini Crepe prom gown with v neck, puff sleeve, sequins in navy.",Prom Gown,Crepe,V Neck,Puff Sleeve,Mini,Fit and Flare,Sequins,Navy
"Knee Length Crepe bridesmaid dress with off shoulder, long sleeve, beaded in pink.",Bridesmaid Dress,Crepe,Off Shoulder,Long Sleeve,Knee Length,Empire,Beaded,Pink
"Mini Jersey cocktail dress with square, cap sleeve, feather trim in red and champagne.",Cocktail Dress,Jersey,Square,Cap Sleeve,Mini,Fit and Flare,Feather Trim,Red and Champagne
"Mini Sequin wedding dress with sweetheart, short sleeve, sequins in pink.",Wedding Dress,Sequin,Sweetheart,Short Sleeve,Mini,Mermaid,Sequins,Pink
"Floor Length Organza cocktail dress with sweetheart, cap sleeve, pleated in black.",Cocktail Dress,Organza,Sweetheart,Cap Sleeve,Floor Length,Mermaid,Pleated,Black
"Mini Tulle cocktail dress with v neck, cap sleeve, beaded in champagne.",Cocktail Dress,Tulle,V Neck,Cap Sleeve,Mini,A-Line,Beaded,Champagne
"Knee Length Silk bridesmaid dress with v neck, short sleeve, ruched in black and navy.",Bridesmaid Dress,Silk,V Neck,Short Sleeve,Knee Length,Sheath,Ruched,Black and Navy
"Midi Sequin formal dress with halter, puff sleeve, beaded in sage.",Formal Dress,Sequin,Halter,Puff Sleeve,Midi,Sheath,Beaded,Sage
"Midi Tulle cocktail dress with off shoulder, sleeveless, pleated in dusty blue and black.",Cocktail Dress,Tulle,Off Shoulder,Sleeveless,Midi,A-Line,Pleated,Dusty Blue and Black
"Tea Length Organza prom gown with square, long sleeve, beaded in navy.",Prom Gown,Organza,Square,Long Sleeve,Tea Length,Fit and Flare,Beaded,Navy
"Knee Length Satin cocktail dress with scoop neck, short sleeve, feather trim in white and champagne.",Cocktail Dress,Satin,Scoop Neck,Short Sleeve,Knee Length,Empire,Feather Trim,White and Champagne
"Floor Length Velvet formal dress with boat neck, short sleeve, beaded in sage.",Formal Dress,Velvet,Boat Neck,Short Sleeve,Floor Length,Mermaid,Beaded,Sage
"Tea Length Jersey wedding dress with off shoulder, cap sleeve, ruched in sage and sage.",Wedding Dress,Jersey,Off Shoulder,Cap Sleeve,Tea Length,Ball Gown,Ruched,Sage and Sage
"Mini Sequin cocktail dress with sweetheart, sleeveless, beaded in emerald and royal blue.",Cocktail Dress,Sequin,Sweetheart,Sleeveless,Mini,Sheath,Beaded,Emerald and Royal Blue
"Knee Length Crepe wedding dress with off shoulder, sleeveless, beaded in black and red.",Wedding Dress,Crepe,Off Shoulder,Sleeveless,Knee Length,A-Line,Beaded,Black and Red
"Tea Length Organza formal dress with scoop neck, puff sleeve, ruffles in royal blue and red.",Formal Dress,Organza,Scoop Neck,Puff Sleeve,Tea Length,Sheath,Ruffles,Royal Blue and Red
"Knee Length Crepe formal dress with off shoulder, short sleeve, feather trim in emerald and dusty blue.",Formal Dress,Crepe,Off Shoulder,Short Sleeve,Knee Length,Empire,Feather Trim,Emerald and Dusty Blue
"Mini Lace evening gown with off shoulder, long sleeve, sequins in royal blue.",Evening Gown,Lace,Off Shoulder,Long Sleeve,Mini,Empire,Sequins,Royal Blue
"Mini Velvet cocktail dress with illusion, sleeveless, pleated in navy.",Cocktail Dress,Velvet,Illusion,Sleeveless,Mini,A-Line,Pleated,Navy
"Tea Length Crepe bridesmaid dress with sweetheart, strapless, ruched in black and champagne.",Bridesmaid Dress,Crepe,Sweetheart,Strapless,Tea Length,Sheath,Ruched,Black and Champagne
"Knee Length Jersey cocktail dress with illusion, strapless, embroidery in white.",Cocktail Dress,Jersey,Illusion,Strapless,Knee Length,Empire,Embroidery,White
"Knee Length Chiffon cocktail dress with off shoulder, long sleeve, sequins in black.",Cocktail Dress,Chiffon,Off Shoulder,Long Sleeve,Knee Length,Sheath,Sequins,Black
"Midi Satin cocktail dress with halter, long sleeve, ruffles in royal blue.",Cocktail Dress,Satin,Halter,Long Sleeve,Midi,A-Line,Ruffles,Royal Blue
"Knee Length Satin wedding dress with scoop neck, strapless, beaded in royal blue and sage.",Wedding Dress,Satin,Scoop Neck,Strapless,Knee Length,Empire,Beaded,Royal Blue and Sage
"Midi Jersey formal dress with illusion, long sleeve, feather trim in sage.",Formal Dress,Jersey,Illusion,Long Sleeve,Midi,Mermaid,Feather Trim,Sage
"Knee Length Jersey bridesmaid dress with boat neck, sleeveless, beaded in pink.",Bridesmaid Dress,Jersey,Boat Neck,Sleeveless,Knee Length,Mermaid,Beaded,Pink
"Mini Sequin wedding dress with sweetheart, long sleeve, sequins in emerald.",Wedding Dress,Sequin,Sweetheart,Long Sleeve,Mini,Mermaid,Sequins,Emerald
"Floor Length Organza bridesmaid dress with boat neck, short sleeve, ruffles in dusty blue.",Bridesmaid Dress,Organza,Boat Neck,Short Sleeve,Floor Length,Mermaid,Ruffles,Dusty Blue
"Floor Length Chiffon evening gown with scoop neck, long sleeve, beaded in white.",Evening Gown,Chiffon,Scoop Neck,Long Sleeve,Floor Length,Sheath,Beaded,White
"Tea Length Tulle prom gown with illusion, strapless, sequins in navy.",Prom Gown,Tulle,Illusion,Strapless,Tea Length,Ball Gown,Sequins,Navy
"Knee Length Velvet bridesmaid dress with sweetheart, long sleeve, beaded in white and champagne.",Bridesmaid Dress,Velvet,Sweetheart,Long Sleeve,Knee Length,A-Line,Beaded,White and Champagne
"Knee Length Organza evening gown with v neck, short sleeve, lace applique in champagne.",Evening Gown,Organza,V Neck,Short Sleeve,Knee Length,A-Line,Lace Applique,Champagne
"Mini Chiffon cocktail dress with illusion, strapless, lace applique in pink.",Cocktail Dress,Chiffon,Illusion,Strapless,Mini,Empire,Lace Applique,Pink
"Tea Length Crepe evening gown with v neck, short sleeve, beaded in emerald and emerald.",Evening Gown,Crepe,V Neck,Short Sleeve,Tea Length,Empire,Beaded,Emerald and Emerald
"Floor Length Lace formal dress with illusion, sleeveless, beaded in sage and black.",Formal Dress,Lace,Illusion,Sleeveless,Floor Length,Sheath,Beaded,Sage and Black
"Knee Length Jersey cocktail dress with one shoulder, sleeveless, sequins in dusty blue and royal blue.",Cocktail Dress,Jersey,One Shoulder,Sleeveless,Knee Length,Mermaid,Sequins,Dusty Blue and Royal Blue
"Midi Sequin prom gown with one shoulder, long sleeve, lace applique in royal blue and emerald.",Prom Gown,Sequin,One Shoulder,Long Sleeve,Midi,Empire,Lace Applique,Royal Blue and Emerald
"Midi Chiffon wedding dress with off shoulder, strapless, ruched in emerald.",Wedding Dress,Chiffon,Off Shoulder,Strapless,Midi,Fit and Flare,Ruched,Emerald
"Knee Length Lace bridesmaid dress with boat neck, cap sleeve, pleated in navy and sage.",Bridesmaid Dress,Lace,Boat Neck,Cap Sleeve,Knee Length,A-Line,Pleated,Navy and Sage
"Midi Crepe cocktail dress with off shoulder, sleeveless, ruffles in navy.",Cocktail Dress,Crepe,Off Shoulder,Sleeveless,Midi,A-Line,Ruffles,Navy
"Mini Jersey evening gown with v neck, puff sleeve, pleated in emerald.",Evening Gown,Jersey,V Neck,Puff Sleeve,Mini,Empire,Pleated,Emerald
"Floor Length Satin wedding dress with illusion, short sleeve, beaded in emerald and sage.",Wedding Dress,Satin,Illusion,Short Sleeve,Floor Length,Sheath,Beaded,Emerald and Sage
"Mini Chiffon formal dress with boat neck, cap sleeve, ruffles in black.",Formal Dress,Chiffon,Boat Neck,Cap Sleeve,Mini,Sheath,Ruffles,Black
"Floor Length Chiffon formal dress with illusion, puff sleeve, lace applique in dusty blue.",Formal Dress,Chiffon,Illusion,Puff Sleeve,Floor Length,Ball Gown,Lace Applique,Dusty Blue
"Tea Length Velvet formal dress with halter, long sleeve, sequins in champagne.",Formal Dress,Velvet,Halter,Long Sleeve,Tea Length,Fit and Flare,Sequins,Champagne
"Mini Satin formal dress with square, long sleeve, sequins in pink.",Formal Dress,Satin,Square,Long Sleeve,Mini,Empire,Sequins,Pink
